Gnss DateTime (Local Time), Northing(m), Easting(m), Height MSL(m), Horizontal Accuracy(m)
13/02/2024 2:28:03 PM (UTC+1030), 6052727.76, 330119.13, 3.22, 0.13
13/02/2024 2:28:04 PM (UTC+1030), 6052727.54, 330118.83, 3.22, 0.13
13/02/2024 2:28:05 PM (UTC+1030), 6052727.18, 330118.76, 3.28, 0.13
13/02/2024 2:28:06 PM (UTC+1030), 6052726.83, 330118.4, 3.25, 0.13
13/02/2024 2:28:07 PM (UTC+1030), 6052726.17, 330118.15, 3.29, 0.13
13/02/2024 2:28:08 PM (UTC+1030), 6052725.86, 330117.69, 3.28, 0.13
13/02/2024 2:28:09 PM (UTC+1030), 6052725.3, 330117.4, 3.26, 0.13
13/02/2024 2:28:10 PM (UTC+1030), 6052724.96, 330116.86, 3.24, 0.13
13/02/2024 2:28:11 PM (UTC+1030), 6052724.09, 330116.5, 3.15, 0.13
13/02/2024 2:28:12 PM (UTC+1030), 6052723.23, 330116.58, 3.2, 0.13
13/02/2024 2:28:13 PM (UTC+1030), 6052722.82, 330116.27, 3.14, 0.13
13/02/2024 2:28:14 PM (UTC+1030), 6052722.34, 330116.37, 3.15, 0.13
13/02/2024 2:28:50 PM (UTC+1030), 6052722.01, 330116.2, 3.12, 0.13
13/02/2024 2:28:51 PM (UTC+1030), 6052721.58, 330116.35, 3.1, 0.13
13/02/2024 2:28:52 PM (UTC+1030), 6052720.9, 330116.32, 3.05, 0.13
13/02/2024 2:28:53 PM (UTC+1030), 6052720.03, 330116.26, 3.07, 0.13
13/02/2024 2:28:54 PM (UTC+1030), 6052719.17, 330116.07, 3.17, 0.13
13/02/2024 2:28:55 PM (UTC+1030), 6052718.28, 330115.8, 3.14, 0.13
13/02/2024 2:28:56 PM (UTC+1030), 6052717.2, 330115.54, 3.11, 0.13
13/02/2024 2:28:57 PM (UTC+1030), 6052716.18, 330115.25, 3.15, 0.13
13/02/2024 2:28:58 PM (UTC+1030), 6052715.15, 330114.86, 3.14, 0.13
13/02/2024 2:28:59 PM (UTC+1030), 6052714.13, 330114.39, 3.13, 0.13
13/02/2024 2:29:00 PM (UTC+1030), 6052713.14, 330113.95, 3.17, 0.13
13/02/2024 2:29:01 PM (UTC+1030), 6052712.13, 330113.49, 3.11, 0.13
13/02/2024 2:29:02 PM (UTC+1030), 6052711.03, 330113.14, 3.17, 0.13
13/02/2024 2:29:03 PM (UTC+1030), 6052709.87, 330112.76, 3.12, 0.13
13/02/2024 2:29:04 PM (UTC+1030), 6052708.79, 330112.36, 3.13, 0.13
13/02/2024 2:29:05 PM (UTC+1030), 6052707.71, 330112.04, 3.15, 0.13
13/02/2024 2:29:06 PM (UTC+1030), 6052706.58, 330111.79, 3.1, 0.14
13/02/2024 2:29:07 PM (UTC+1030), 6052705.45, 330111.51, 3.15, 0.14
13/02/2024 2:29:08 PM (UTC+1030), 6052704.3, 330111.18, 3.08, 0.13
13/02/2024 2:29:09 PM (UTC+1030), 6052703.19, 330110.83, 3.12, 0.13
13/02/2024 2:29:10 PM (UTC+1030), 6052702.02, 330110.42, 3.05, 0.13
13/02/2024 2:29:11 PM (UTC+1030), 6052700.78, 330110.09, 3.06, 0.13
13/02/2024 2:29:12 PM (UTC+1030), 6052699.54, 330109.75, 3.03, 0.13
13/02/2024 2:29:13 PM (UTC+1030), 6052698.04, 330109.3, 2.54, 0.11
13/02/2024 2:29:14 PM (UTC+1030), 6052696.79, 330108.94, 2.55, 0.11
13/02/2024 2:29:15 PM (UTC+1030), 6052695.62, 330108.68, 2.52, 0.11
13/02/2024 2:29:16 PM (UTC+1030), 6052694.49, 330108.18, 2.56, 0.11
13/02/2024 2:29:17 PM (UTC+1030), 6052693.57, 330107.67, 2.61, 0.11
13/02/2024 2:29:18 PM (UTC+1030), 6052692.54, 330107.27, 2.63, 0.11
13/02/2024 2:29:19 PM (UTC+1030), 6052691.56, 330106.9, 2.68, 0.11
13/02/2024 2:29:20 PM (UTC+1030), 6052690.5, 330106.52, 2.7, 0.11
13/02/2024 2:29:21 PM (UTC+1030), 6052689.48, 330106.17, 2.79, 0.11
13/02/2024 2:29:22 PM (UTC+1030), 6052688.4, 330105.82, 2.71, 0.11
13/02/2024 2:29:23 PM (UTC+1030), 6052687.31, 330105.52, 2.78, 0.11
13/02/2024 2:29:24 PM (UTC+1030), 6052686.29, 330105.05, 2.7, 0.11
13/02/2024 2:29:25 PM (UTC+1030), 6052685.11, 330104.61, 2.67, 0.11
13/02/2024 2:29:26 PM (UTC+1030), 6052683.95, 330104.35, 2.64, 0.11
13/02/2024 2:29:27 PM (UTC+1030), 6052682.83, 330104.04, 2.55, 0.11
13/02/2024 2:29:28 PM (UTC+1030), 6052681.75, 330103.68, 2.53, 0.11
13/02/2024 2:29:29 PM (UTC+1030), 6052680.62, 330103.23, 2.46, 0.11
13/02/2024 2:29:30 PM (UTC+1030), 6052679.56, 330102.85, 2.38, 0.11
13/02/2024 2:29:31 PM (UTC+1030), 6052678.52, 330102.6, 2.15, 0.11
13/02/2024 2:29:32 PM (UTC+1030), 6052677.56, 330102.37, 1.96, 0.11
13/02/2024 2:29:33 PM (UTC+1030), 6052676.62, 330102.18, 1.78, 0.11
13/02/2024 2:29:34 PM (UTC+1030), 6052675.66, 330101.84, 1.67, 0.11
13/02/2024 2:29:35 PM (UTC+1030), 6052674.57, 330101.46, 1.55, 0.11
13/02/2024 2:29:36 PM (UTC+1030), 6052673.48, 330101.13, 1.56, 0.11
13/02/2024 2:29:37 PM (UTC+1030), 6052672.4, 330100.94, 1.49, 0.11
13/02/2024 2:29:38 PM (UTC+1030), 6052671.36, 330100.61, 1.56, 0.11
13/02/2024 2:29:39 PM (UTC+1030), 6052670.38, 330100.23, 1.59, 0.11
13/02/2024 2:29:40 PM (UTC+1030), 6052669.41, 330099.82, 1.56, 0.11
13/02/2024 2:29:41 PM (UTC+1030), 6052668.47, 330099.34, 1.65, 0.11
13/02/2024 2:29:42 PM (UTC+1030), 6052667.41, 330098.97, 1.78, 0.11
13/02/2024 2:29:43 PM (UTC+1030), 6052666.26, 330098.65, 1.83, 0.11
13/02/2024 2:29:44 PM (UTC+1030), 6052665.11, 330098.33, 1.9, 0.11
13/02/2024 2:29:45 PM (UTC+1030), 6052664.01, 330098.04, 2.04, 0.11
13/02/2024 2:29:46 PM (UTC+1030), 6052663.02, 330097.75, 2.11, 0.11
13/02/2024 2:29:47 PM (UTC+1030), 6052662.04, 330097.35, 2.12, 0.11
13/02/2024 2:29:48 PM (UTC+1030), 6052661.08, 330096.98, 2.15, 0.11
13/02/2024 2:29:49 PM (UTC+1030), 6052659.97, 330096.58, 2.11, 0.11
13/02/2024 2:29:50 PM (UTC+1030), 6052658.87, 330096.26, 2.15, 0.11
13/02/2024 2:29:51 PM (UTC+1030), 6052657.75, 330095.87, 2.1, 0.11
13/02/2024 2:29:52 PM (UTC+1030), 6052656.64, 330095.43, 2.14, 0.11
13/02/2024 2:29:53 PM (UTC+1030), 6052655.52, 330095.01, 2.23, 0.11
13/02/2024 2:29:54 PM (UTC+1030), 6052654.43, 330094.68, 2.21, 0.11
13/02/2024 2:29:55 PM (UTC+1030), 6052653.32, 330094.45, 2.26, 0.11
13/02/2024 2:29:56 PM (UTC+1030), 6052652.21, 330094.1, 2.21, 0.11
13/02/2024 2:29:57 PM (UTC+1030), 6052651.2, 330093.61, 2.16, 0.11
13/02/2024 2:29:58 PM (UTC+1030), 6052650.14, 330093.16, 2.08, 0.11
13/02/2024 2:29:59 PM (UTC+1030), 6052649.02, 330092.89, 2.01, 0.11
13/02/2024 2:30:00 PM (UTC+1030), 6052647.85, 330092.59, 1.96, 0.11
13/02/2024 2:30:01 PM (UTC+1030), 6052646.74, 330092.18, 1.8, 0.11
13/02/2024 2:30:02 PM (UTC+1030), 6052645.58, 330091.71, 1.73, 0.11
13/02/2024 2:30:03 PM (UTC+1030), 6052644.45, 330091.21, 1.59, 0.11
13/02/2024 2:30:04 PM (UTC+1030), 6052643.3, 330090.69, 1.55, 0.11
13/02/2024 2:30:05 PM (UTC+1030), 6052642.15, 330090.21, 1.53, 0.11
13/02/2024 2:30:06 PM (UTC+1030), 6052640.93, 330089.97, 1.38, 0.11
13/02/2024 2:30:07 PM (UTC+1030), 6052639.69, 330089.67, 1.41, 0.11
13/02/2024 2:30:08 PM (UTC+1030), 6052638.49, 330089.3, 1.34, 0.11
13/02/2024 2:30:09 PM (UTC+1030), 6052637.28, 330089.04, 1.37, 0.11
13/02/2024 2:30:10 PM (UTC+1030), 6052636.13, 330088.66, 1.39, 0.11
13/02/2024 2:30:11 PM (UTC+1030), 6052635.02, 330088.29, 1.41, 0.11
13/02/2024 2:30:12 PM (UTC+1030), 6052633.81, 330088.04, 1.34, 0.11
13/02/2024 2:30:13 PM (UTC+1030), 6052632.65, 330087.98, 1.36, 0.11
13/02/2024 2:30:14 PM (UTC+1030), 6052631.48, 330088.1, 1.27, 0.11
13/02/2024 2:30:15 PM (UTC+1030), 6052630.39, 330088.24, 1.32, 0.11
13/02/2024 2:30:16 PM (UTC+1030), 6052629.25, 330088.22, 1.29, 0.11
13/02/2024 2:30:17 PM (UTC+1030), 6052628.11, 330087.84, 1.27, 0.11
13/02/2024 2:30:18 PM (UTC+1030), 6052627.07, 330087.33, 1.33, 0.11
13/02/2024 2:30:19 PM (UTC+1030), 6052625.9, 330086.87, 1.22, 0.11
13/02/2024 2:30:20 PM (UTC+1030), 6052624.75, 330086.43, 1.31, 0.11
13/02/2024 2:30:21 PM (UTC+1030), 6052623.63, 330086.08, 1.27, 0.11
13/02/2024 2:30:22 PM (UTC+1030), 6052622.56, 330085.77, 1.32, 0.11
13/02/2024 2:30:23 PM (UTC+1030), 6052621.58, 330085.49, 1.33, 0.11
13/02/2024 2:30:24 PM (UTC+1030), 6052620.54, 330085.08, 1.31, 0.11
13/02/2024 2:30:25 PM (UTC+1030), 6052619.65, 330084.49, 1.33, 0.11
13/02/2024 2:30:26 PM (UTC+1030), 6052618.62, 330084.14, 1.34, 0.11
13/02/2024 2:30:27 PM (UTC+1030), 6052617.49, 330083.98, 1.41, 0.11
13/02/2024 2:30:28 PM (UTC+1030), 6052616.59, 330083.77, 1.52, 0.11
13/02/2024 2:30:29 PM (UTC+1030), 6052615.63, 330083.46, 1.61, 0.11
13/02/2024 2:30:30 PM (UTC+1030), 6052614.62, 330083.24, 1.75, 0.11
13/02/2024 2:30:31 PM (UTC+1030), 6052613.5, 330083.09, 1.76, 0.11
13/02/2024 2:30:32 PM (UTC+1030), 6052612.46, 330082.91, 1.81, 0.11
13/02/2024 2:30:33 PM (UTC+1030), 6052611.37, 330082.78, 1.68, 0.11
13/02/2024 2:30:34 PM (UTC+1030), 6052610.2, 330082.6, 1.55, 0.11
13/02/2024 2:30:35 PM (UTC+1030), 6052608.99, 330082.32, 1.49, 0.11
13/02/2024 2:30:36 PM (UTC+1030), 6052607.89, 330082.02, 1.38, 0.11
13/02/2024 2:30:37 PM (UTC+1030), 6052606.82, 330081.63, 1.41, 0.11
13/02/2024 2:30:38 PM (UTC+1030), 6052605.67, 330081.34, 1.41, 0.11
13/02/2024 2:30:39 PM (UTC+1030), 6052604.47, 330081.1, 1.48, 0.11
13/02/2024 2:30:40 PM (UTC+1030), 6052603.27, 330080.83, 1.66, 0.11
13/02/2024 2:30:41 PM (UTC+1030), 6052602.25, 330080.61, 1.88, 0.11
13/02/2024 2:30:42 PM (UTC+1030), 6052601.4, 330080.45, 2.12, 0.11
13/02/2024 2:30:43 PM (UTC+1030), 6052600.67, 330080.2, 2.37, 0.11
13/02/2024 2:30:44 PM (UTC+1030), 6052599.78, 330080, 2.52, 0.11
13/02/2024 2:30:45 PM (UTC+1030), 6052598.77, 330079.89, 2.54, 0.11
13/02/2024 2:30:46 PM (UTC+1030), 6052597.71, 330079.78, 2.39, 0.11
13/02/2024 2:30:47 PM (UTC+1030), 6052596.52, 330079.65, 2.34, 0.11
13/02/2024 2:30:48 PM (UTC+1030), 6052595.33, 330079.54, 2.21, 0.11
13/02/2024 2:30:49 PM (UTC+1030), 6052594.17, 330079.38, 2.16, 0.11
13/02/2024 2:30:50 PM (UTC+1030), 6052593.06, 330079.25, 2.1, 0.11
13/02/2024 2:30:51 PM (UTC+1030), 6052591.89, 330079.28, 2.11, 0.11
13/02/2024 2:30:52 PM (UTC+1030), 6052590.73, 330079.41, 2.01, 0.11
13/02/2024 2:30:53 PM (UTC+1030), 6052589.6, 330079.55, 2.12, 0.11
13/02/2024 2:30:54 PM (UTC+1030), 6052588.47, 330079.56, 2.03, 0.11
13/02/2024 2:30:55 PM (UTC+1030), 6052587.32, 330079.41, 2.04, 0.11
13/02/2024 2:30:56 PM (UTC+1030), 6052586.08, 330079.29, 1.95, 0.11
13/02/2024 2:30:57 PM (UTC+1030), 6052584.87, 330079.16, 1.96, 0.11
13/02/2024 2:30:58 PM (UTC+1030), 6052583.75, 330078.75, 1.89, 0.11
13/02/2024 2:30:59 PM (UTC+1030), 6052582.9, 330077.9, 1.94, 0.11
13/02/2024 2:31:00 PM (UTC+1030), 6052582.21, 330076.81, 1.9, 0.11
13/02/2024 2:31:01 PM (UTC+1030), 6052581.6, 330075.72, 1.86, 0.11
13/02/2024 2:31:02 PM (UTC+1030), 6052580.92, 330074.79, 1.85, 0.11
13/02/2024 2:31:03 PM (UTC+1030), 6052580.26, 330073.86, 1.83, 0.11
13/02/2024 2:31:04 PM (UTC+1030), 6052579.26, 330073.35, 1.81, 0.11
13/02/2024 2:31:05 PM (UTC+1030), 6052578.1, 330073.21, 1.78, 0.11
13/02/2024 2:31:06 PM (UTC+1030), 6052577, 330072.94, 1.87, 0.11
13/02/2024 2:31:07 PM (UTC+1030), 6052576.01, 330072.33, 1.88, 0.11
13/02/2024 2:31:08 PM (UTC+1030), 6052574.96, 330071.76, 2, 0.11
13/02/2024 2:31:09 PM (UTC+1030), 6052573.79, 330071.39, 1.95, 0.11
13/02/2024 2:31:10 PM (UTC+1030), 6052572.62, 330070.99, 2.02, 0.11
13/02/2024 2:31:11 PM (UTC+1030), 6052571.48, 330070.47, 1.99, 0.11
13/02/2024 2:31:12 PM (UTC+1030), 6052570.37, 330069.82, 1.94, 0.11
13/02/2024 2:31:13 PM (UTC+1030), 6052569.37, 330069.11, 2.03, 0.11
13/02/2024 2:31:14 PM (UTC+1030), 6052568.3, 330068.44, 1.95, 0.11
13/02/2024 2:31:15 PM (UTC+1030), 6052567.21, 330067.9, 1.98, 0.11
13/02/2024 2:31:16 PM (UTC+1030), 6052566.08, 330067.33, 1.94, 0.11
13/02/2024 2:31:17 PM (UTC+1030), 6052565.04, 330066.76, 1.93, 0.11
13/02/2024 2:31:18 PM (UTC+1030), 6052563.93, 330066.17, 1.82, 0.11
13/02/2024 2:31:19 PM (UTC+1030), 6052563, 330065.5, 1.73, 0.11
13/02/2024 2:31:20 PM (UTC+1030), 6052562.03, 330064.74, 1.71, 0.11
13/02/2024 2:31:21 PM (UTC+1030), 6052561.01, 330064.1, 1.67, 0.11
13/02/2024 2:31:22 PM (UTC+1030), 6052559.95, 330063.49, 1.71, 0.11
13/02/2024 2:31:23 PM (UTC+1030), 6052559, 330062.8, 1.69, 0.11
13/02/2024 2:31:24 PM (UTC+1030), 6052558.1, 330062.08, 1.7, 0.11
13/02/2024 2:31:25 PM (UTC+1030), 6052557.19, 330061.26, 1.68, 0.11
13/02/2024 2:31:26 PM (UTC+1030), 6052556.35, 330060.48, 1.82, 0.11
13/02/2024 2:31:27 PM (UTC+1030), 6052555.49, 330059.6, 1.91, 0.11
13/02/2024 2:31:28 PM (UTC+1030), 6052554.9, 330058.7, 2.08, 0.11
13/02/2024 2:31:29 PM (UTC+1030), 6052554.42, 330057.69, 2.24, 0.11
13/02/2024 2:31:30 PM (UTC+1030), 6052553.93, 330056.73, 2.28, 0.11
13/02/2024 2:31:31 PM (UTC+1030), 6052553.42, 330055.78, 2.35, 0.11
13/02/2024 2:31:32 PM (UTC+1030), 6052552.8, 330054.95, 2.35, 0.11
13/02/2024 2:31:33 PM (UTC+1030), 6052552.19, 330054.16, 2.33, 0.11
13/02/2024 2:31:34 PM (UTC+1030), 6052551.47, 330053.5, 2.19, 0.11
13/02/2024 2:31:35 PM (UTC+1030), 6052550.59, 330052.91, 1.94, 0.11
13/02/2024 2:31:36 PM (UTC+1030), 6052549.59, 330052.36, 1.71, 0.11
13/02/2024 2:31:37 PM (UTC+1030), 6052548.58, 330051.87, 1.56, 0.11
13/02/2024 2:31:38 PM (UTC+1030), 6052547.5, 330051.4, 1.39, 0.11
13/02/2024 2:31:39 PM (UTC+1030), 6052546.52, 330050.9, 1.25, 0.11
13/02/2024 2:31:40 PM (UTC+1030), 6052545.76, 330050.2, 1.18, 0.11
13/02/2024 2:31:41 PM (UTC+1030), 6052544.98, 330049.68, 1.13, 0.11
13/02/2024 2:31:42 PM (UTC+1030), 6052544.41, 330049.05, 1.02, 0.11
13/02/2024 2:31:43 PM (UTC+1030), 6052544.05, 330048.2, 0.73, 0.11
13/02/2024 2:31:44 PM (UTC+1030), 6052543.52, 330047.29, 0.73, 0.11
13/02/2024 2:31:45 PM (UTC+1030), 6052542.8, 330046.55, 0.68, 0.11
13/02/2024 2:31:46 PM (UTC+1030), 6052541.98, 330045.95, 0.64, 0.11
13/02/2024 2:31:47 PM (UTC+1030), 6052541.1, 330045.4, 0.6, 0.11
13/02/2024 2:31:48 PM (UTC+1030), 6052540.25, 330044.85, 0.52, 0.11
13/02/2024 2:31:49 PM (UTC+1030), 6052539.35, 330044.17, 0.35, 0.11
13/02/2024 2:31:50 PM (UTC+1030), 6052538.39, 330043.55, 0.2, 0.11
13/02/2024 2:31:51 PM (UTC+1030), 6052537.48, 330042.76, 0.44, 0.11
13/02/2024 2:31:52 PM (UTC+1030), 6052536.62, 330042.21, 0.35, 0.11
13/02/2024 2:31:53 PM (UTC+1030), 6052535.76, 330041.61, 0.39, 0.11
13/02/2024 2:31:54 PM (UTC+1030), 6052534.94, 330040.92, 0.33, 0.11
13/02/2024 2:31:55 PM (UTC+1030), 6052534.1, 330040.26, 0.29, 0.11
13/02/2024 2:31:56 PM (UTC+1030), 6052533.29, 330039.62, 0.28, 0.11
13/02/2024 2:31:57 PM (UTC+1030), 6052532.49, 330039.08, 0.26, 0.11
13/02/2024 2:31:58 PM (UTC+1030), 6052531.84, 330038.48, 0.24, 0.11
13/02/2024 2:31:59 PM (UTC+1030), 6052531.47, 330037.98, 0.25, 0.11
13/02/2024 2:32:01 PM (UTC+1030), 6052531.15, 330038, 0.24, 0.11
13/02/2024 2:32:03 PM (UTC+1030), 6052531.74, 330038.18, 0.25, 0.11
13/02/2024 2:32:04 PM (UTC+1030), 6052532.46, 330038.47, 0.28, 0.11
13/02/2024 2:32:05 PM (UTC+1030), 6052533.01, 330038.57, 0.27, 0.11
13/02/2024 2:32:51 PM (UTC+1030), 6052533.75, 330038.67, 0.24, 0.10
13/02/2024 2:32:52 PM (UTC+1030), 6052534.42, 330038.47, 0.3, 0.10
13/02/2024 2:32:53 PM (UTC+1030), 6052535.12, 330038.17, 0.31, 0.10
13/02/2024 2:32:54 PM (UTC+1030), 6052535.35, 330037.85, 0.25, 0.11
13/02/2024 2:32:58 PM (UTC+1030), 6052535.87, 330037.89, 0.25, 0.11
13/02/2024 2:32:59 PM (UTC+1030), 6052536.46, 330037.91, 0.26, 0.11
13/02/2024 2:33:01 PM (UTC+1030), 6052536.6, 330037.7, 0.31, 0.11
13/02/2024 2:33:08 PM (UTC+1030), 6052536.96, 330037.36, 0.24, 0.11
13/02/2024 2:33:09 PM (UTC+1030), 6052537.35, 330036.68, 0.28, 0.11
13/02/2024 2:33:10 PM (UTC+1030), 6052537.93, 330035.73, 0.27, 0.11
13/02/2024 2:33:11 PM (UTC+1030), 6052538.48, 330034.73, 0.22, 0.11
13/02/2024 2:33:12 PM (UTC+1030), 6052539.14, 330033.64, 0.26, 0.11
13/02/2024 2:33:13 PM (UTC+1030), 6052539.71, 330032.6, 0.28, 0.11
13/02/2024 2:33:14 PM (UTC+1030), 6052540.46, 330031.63, 0.21, 0.11
13/02/2024 2:33:15 PM (UTC+1030), 6052541.17, 330030.7, 0.26, 0.11
13/02/2024 2:33:16 PM (UTC+1030), 6052541.86, 330029.7, 0.24, 0.11
13/02/2024 2:33:17 PM (UTC+1030), 6052542.44, 330028.57, 0.27, 0.11
13/02/2024 2:33:18 PM (UTC+1030), 6052542.92, 330027.38, 0.23, 0.11
13/02/2024 2:33:19 PM (UTC+1030), 6052543.42, 330026.24, 0.23, 0.10
13/02/2024 2:33:20 PM (UTC+1030), 6052543.95, 330025.12, 0.27, 0.10
13/02/2024 2:33:21 PM (UTC+1030), 6052544.49, 330023.97, 0.19, 0.11
13/02/2024 2:33:22 PM (UTC+1030), 6052545.15, 330022.91, 0.26, 0.11
13/02/2024 2:33:23 PM (UTC+1030), 6052545.85, 330021.82, 0.22, 0.11
13/02/2024 2:33:24 PM (UTC+1030), 6052546.45, 330020.67, 0.21, 0.11
13/02/2024 2:33:25 PM (UTC+1030), 6052547.07, 330019.54, 0.2, 0.10
13/02/2024 2:33:26 PM (UTC+1030), 6052547.61, 330018.5, 0.18, 0.11
13/02/2024 2:33:27 PM (UTC+1030), 6052548.17, 330017.61, 0.16, 0.10
13/02/2024 2:33:28 PM (UTC+1030), 6052548.69, 330016.56, 0.16, 0.10
13/02/2024 2:33:29 PM (UTC+1030), 6052549.28, 330015.4, 0.17, 0.10
13/02/2024 2:33:30 PM (UTC+1030), 6052549.67, 330014.28, 0.2, 0.10
13/02/2024 2:33:31 PM (UTC+1030), 6052549.92, 330013.06, 0.2, 0.11
13/02/2024 2:33:32 PM (UTC+1030), 6052550.2, 330011.9, 0.15, 0.11
13/02/2024 2:33:33 PM (UTC+1030), 6052550.72, 330010.73, 0.1, 0.10
13/02/2024 2:33:34 PM (UTC+1030), 6052551.4, 330009.64, 0.18, 0.11
13/02/2024 2:33:35 PM (UTC+1030), 6052552.02, 330008.61, 0.12, 0.11
13/02/2024 2:33:36 PM (UTC+1030), 6052552.51, 330007.46, 0.17, 0.11
13/02/2024 2:33:37 PM (UTC+1030), 6052553.1, 330006.35, 0.19, 0.11
13/02/2024 2:33:38 PM (UTC+1030), 6052553.7, 330005.19, 0.12, 0.11
13/02/2024 2:33:39 PM (UTC+1030), 6052554.34, 330004.11, 0.16, 0.11
13/02/2024 2:33:40 PM (UTC+1030), 6052554.92, 330002.94, 0.14, 0.11
13/02/2024 2:33:41 PM (UTC+1030), 6052555.54, 330001.8, 0.06, 0.11
13/02/2024 2:33:42 PM (UTC+1030), 6052556.13, 330000.75, 0.16, 0.11
13/02/2024 2:33:43 PM (UTC+1030), 6052556.79, 329999.84, 0.09, 0.11
13/02/2024 2:33:44 PM (UTC+1030), 6052557.57, 329998.89, 0.12, 0.11
13/02/2024 2:33:45 PM (UTC+1030), 6052558.25, 329997.94, 0.12, 0.11
13/02/2024 2:33:46 PM (UTC+1030), 6052559.01, 329997.01, 0.06, 0.11
13/02/2024 2:33:47 PM (UTC+1030), 6052559.84, 329996.09, 0.11, 0.11
13/02/2024 2:33:48 PM (UTC+1030), 6052560.68, 329995.23, 0.08, 0.11
13/02/2024 2:33:49 PM (UTC+1030), 6052561.58, 329994.49, 0.08, 0.11
13/02/2024 2:33:50 PM (UTC+1030), 6052562.39, 329993.68, 0.12, 0.11
13/02/2024 2:33:51 PM (UTC+1030), 6052563.15, 329992.74, 0.05, 0.11
13/02/2024 2:33:52 PM (UTC+1030), 6052563.8, 329991.76, 0.11, 0.11
13/02/2024 2:33:53 PM (UTC+1030), 6052564.49, 329990.78, 0.09, 0.11
13/02/2024 2:33:54 PM (UTC+1030), 6052565.32, 329989.85, 0.07, 0.11
13/02/2024 2:33:55 PM (UTC+1030), 6052566.13, 329988.92, 0.15, 0.11
13/02/2024 2:33:56 PM (UTC+1030), 6052566.94, 329987.98, 0.08, 0.11
13/02/2024 2:33:57 PM (UTC+1030), 6052567.58, 329986.96, 0.13, 0.11
13/02/2024 2:33:58 PM (UTC+1030), 6052568.26, 329985.98, 0.15, 0.11
13/02/2024 2:33:59 PM (UTC+1030), 6052568.98, 329985.02, 0.09, 0.11
13/02/2024 2:34:00 PM (UTC+1030), 6052569.62, 329984.01, 0.15, 0.11
13/02/2024 2:34:01 PM (UTC+1030), 6052570.13, 329982.99, 0.08, 0.11
13/02/2024 2:34:02 PM (UTC+1030), 6052570.72, 329982, 0.17, 0.11
13/02/2024 2:34:03 PM (UTC+1030), 6052571.48, 329981.02, 0.11, 0.11
13/02/2024 2:34:04 PM (UTC+1030), 6052572.21, 329980.01, 0.09, 0.11
13/02/2024 2:34:05 PM (UTC+1030), 6052572.89, 329979, 0.14, 0.11
13/02/2024 2:34:06 PM (UTC+1030), 6052573.57, 329978.01, 0.08, 0.11
13/02/2024 2:34:07 PM (UTC+1030), 6052574.29, 329977.08, 0.16, 0.11
13/02/2024 2:34:08 PM (UTC+1030), 6052575.15, 329976.26, 0.15, 0.11
13/02/2024 2:34:09 PM (UTC+1030), 6052576.23, 329975.65, 0.14, 0.11
13/02/2024 2:34:10 PM (UTC+1030), 6052577.42, 329975.38, 0.2, 0.11
13/02/2024 2:34:11 PM (UTC+1030), 6052578.67, 329975.25, 0.2, 0.11
13/02/2024 2:34:12 PM (UTC+1030), 6052579.92, 329975.16, 0.17, 0.11
13/02/2024 2:34:13 PM (UTC+1030), 6052581.09, 329975.21, 0.25, 0.11
13/02/2024 2:34:14 PM (UTC+1030), 6052582.29, 329975.38, 0.26, 0.11
13/02/2024 2:34:15 PM (UTC+1030), 6052583.4, 329975.58, 0.27, 0.11
13/02/2024 2:34:16 PM (UTC+1030), 6052584.49, 329975.8, 0.42, 0.11
13/02/2024 2:34:17 PM (UTC+1030), 6052585.6, 329975.97, 0.48, 0.11
13/02/2024 2:34:18 PM (UTC+1030), 6052586.59, 329976.02, 0.59, 0.11
13/02/2024 2:34:19 PM (UTC+1030), 6052587.58, 329976.32, 0.52, 0.11
13/02/2024 2:34:20 PM (UTC+1030), 6052588.45, 329976.62, 0.59, 0.11
13/02/2024 2:34:21 PM (UTC+1030), 6052589.42, 329977.13, 0.62, 0.11
13/02/2024 2:34:22 PM (UTC+1030), 6052590.32, 329977.77, 0.77, 0.11
13/02/2024 2:34:23 PM (UTC+1030), 6052591.19, 329978.42, 0.92, 0.11
13/02/2024 2:34:24 PM (UTC+1030), 6052592.07, 329979.01, 0.97, 0.10
13/02/2024 2:34:25 PM (UTC+1030), 6052592.97, 329979.36, 1.02, 0.10
13/02/2024 2:34:26 PM (UTC+1030), 6052594.07, 329979.67, 0.97, 0.10
13/02/2024 2:34:27 PM (UTC+1030), 6052594.93, 329979.98, 1.16, 0.10
13/02/2024 2:34:28 PM (UTC+1030), 6052595.7, 329980.33, 1.42, 0.10
13/02/2024 2:34:29 PM (UTC+1030), 6052596.47, 329980.67, 1.66, 0.10
13/02/2024 2:34:30 PM (UTC+1030), 6052597.24, 329981.09, 1.83, 0.10
13/02/2024 2:34:31 PM (UTC+1030), 6052598.18, 329981.6, 1.83, 0.11
13/02/2024 2:34:32 PM (UTC+1030), 6052599.21, 329982.2, 1.94, 0.11
13/02/2024 2:34:33 PM (UTC+1030), 6052600.2, 329982.82, 1.99, 0.11
13/02/2024 2:34:34 PM (UTC+1030), 6052601.18, 329983.39, 2.12, 0.10
13/02/2024 2:34:35 PM (UTC+1030), 6052602.21, 329984.08, 2.12, 0.10
13/02/2024 2:34:36 PM (UTC+1030), 6052603.24, 329984.66, 2.22, 0.10
13/02/2024 2:34:37 PM (UTC+1030), 6052604.25, 329985.23, 2.16, 0.11
13/02/2024 2:34:38 PM (UTC+1030), 6052605.21, 329985.79, 2.2, 0.11
13/02/2024 2:34:39 PM (UTC+1030), 6052606.26, 329986.39, 2.08, 0.10
13/02/2024 2:34:40 PM (UTC+1030), 6052607.33, 329986.97, 2.04, 0.10
13/02/2024 2:34:41 PM (UTC+1030), 6052608.39, 329987.51, 1.85, 0.11
13/02/2024 2:34:42 PM (UTC+1030), 6052609.38, 329987.98, 1.62, 0.11
13/02/2024 2:34:43 PM (UTC+1030), 6052610.42, 329988.39, 1.56, 0.11
13/02/2024 2:34:44 PM (UTC+1030), 6052611.38, 329988.99, 1.45, 0.11
13/02/2024 2:34:45 PM (UTC+1030), 6052612.41, 329989.5, 1.38, 0.10
13/02/2024 2:34:46 PM (UTC+1030), 6052613.45, 329989.89, 1.28, 0.11
13/02/2024 2:34:47 PM (UTC+1030), 6052614.42, 329990.26, 1.23, 0.11
13/02/2024 2:34:48 PM (UTC+1030), 6052615.32, 329990.79, 1.14, 0.11
13/02/2024 2:34:49 PM (UTC+1030), 6052616.26, 329991.33, 0.99, 0.11
13/02/2024 2:34:50 PM (UTC+1030), 6052617.18, 329991.75, 0.98, 0.11
13/02/2024 2:34:51 PM (UTC+1030), 6052618.19, 329992.4, 0.8, 0.11
13/02/2024 2:34:52 PM (UTC+1030), 6052619.22, 329993.14, 0.7, 0.11
13/02/2024 2:34:53 PM (UTC+1030), 6052620.28, 329993.75, 0.73, 0.11
13/02/2024 2:34:54 PM (UTC+1030), 6052621.16, 329994.29, 0.85, 0.11
13/02/2024 2:34:55 PM (UTC+1030), 6052622.14, 329994.81, 0.78, 0.11
13/02/2024 2:34:56 PM (UTC+1030), 6052623.14, 329995.4, 0.77, 0.11
13/02/2024 2:34:57 PM (UTC+1030), 6052624.22, 329995.84, 0.8, 0.11
13/02/2024 2:34:58 PM (UTC+1030), 6052625.26, 329996.08, 0.95, 0.11
13/02/2024 2:34:59 PM (UTC+1030), 6052626.17, 329996.35, 1.04, 0.11
13/02/2024 2:35:00 PM (UTC+1030), 6052627.07, 329996.8, 1.03, 0.11
13/02/2024 2:35:01 PM (UTC+1030), 6052627.98, 329997.27, 1.17, 0.11
13/02/2024 2:35:02 PM (UTC+1030), 6052628.94, 329997.67, 1.22, 0.11
13/02/2024 2:35:03 PM (UTC+1030), 6052629.77, 329998.21, 1.31, 0.11
13/02/2024 2:35:04 PM (UTC+1030), 6052630.66, 329998.61, 1.4, 0.11
13/02/2024 2:35:05 PM (UTC+1030), 6052631.54, 329999.08, 1.43, 0.11
13/02/2024 2:35:06 PM (UTC+1030), 6052632.48, 329999.57, 1.41, 0.11
13/02/2024 2:35:07 PM (UTC+1030), 6052633.48, 330000.06, 1.34, 0.11
13/02/2024 2:35:08 PM (UTC+1030), 6052634.53, 330000.46, 1.34, 0.11
13/02/2024 2:35:09 PM (UTC+1030), 6052635.68, 330000.98, 1.26, 0.11
13/02/2024 2:35:10 PM (UTC+1030), 6052636.85, 330001.5, 1.18, 0.11
13/02/2024 2:35:11 PM (UTC+1030), 6052637.91, 330001.98, 1.24, 0.11
13/02/2024 2:35:12 PM (UTC+1030), 6052638.98, 330002.54, 1.21, 0.11
13/02/2024 2:35:13 PM (UTC+1030), 6052640.09, 330003.1, 1.25, 0.11
13/02/2024 2:35:14 PM (UTC+1030), 6052641.2, 330003.62, 1.24, 0.11
13/02/2024 2:35:15 PM (UTC+1030), 6052642.31, 330004.1, 1.15, 0.11
13/02/2024 2:35:16 PM (UTC+1030), 6052643.39, 330004.6, 1.21, 0.11
13/02/2024 2:35:17 PM (UTC+1030), 6052644.44, 330004.99, 1.16, 0.11
13/02/2024 2:35:18 PM (UTC+1030), 6052645.47, 330005.43, 1.15, 0.11
13/02/2024 2:35:19 PM (UTC+1030), 6052646.51, 330005.97, 1.12, 0.11
13/02/2024 2:35:20 PM (UTC+1030), 6052647.56, 330006.52, 1.13, 0.11
13/02/2024 2:35:21 PM (UTC+1030), 6052648.45, 330006.99, 1.11, 0.11
13/02/2024 2:35:22 PM (UTC+1030), 6052649.33, 330007.7, 1.08, 0.11
13/02/2024 2:35:23 PM (UTC+1030), 6052650.23, 330008.43, 1.17, 0.11
13/02/2024 2:35:24 PM (UTC+1030), 6052651.25, 330008.89, 1.15, 0.11
13/02/2024 2:35:25 PM (UTC+1030), 6052652.37, 330009.23, 1.23, 0.11
13/02/2024 2:35:26 PM (UTC+1030), 6052653.48, 330009.7, 1.24, 0.11
13/02/2024 2:35:27 PM (UTC+1030), 6052654.54, 330010.02, 1.34, 0.11
13/02/2024 2:35:28 PM (UTC+1030), 6052655.49, 330010.57, 1.37, 0.11
13/02/2024 2:35:29 PM (UTC+1030), 6052656.48, 330011.23, 1.32, 0.11
13/02/2024 2:35:30 PM (UTC+1030), 6052657.55, 330011.75, 1.33, 0.11
13/02/2024 2:35:31 PM (UTC+1030), 6052658.59, 330012.19, 1.27, 0.11
13/02/2024 2:35:32 PM (UTC+1030), 6052659.57, 330012.66, 1.31, 0.11
13/02/2024 2:35:33 PM (UTC+1030), 6052660.55, 330013.23, 1.26, 0.11
13/02/2024 2:35:34 PM (UTC+1030), 6052661.56, 330013.72, 1.26, 0.11
13/02/2024 2:35:35 PM (UTC+1030), 6052662.56, 330014.18, 1.34, 0.11
13/02/2024 2:35:36 PM (UTC+1030), 6052663.61, 330014.71, 1.33, 0.11
13/02/2024 2:35:37 PM (UTC+1030), 6052664.73, 330015.18, 1.39, 0.11
13/02/2024 2:35:38 PM (UTC+1030), 6052665.84, 330015.6, 1.43, 0.11
13/02/2024 2:35:39 PM (UTC+1030), 6052666.96, 330016.02, 1.46, 0.11
13/02/2024 2:35:40 PM (UTC+1030), 6052667.94, 330016.54, 1.49, 0.11
13/02/2024 2:35:41 PM (UTC+1030), 6052669.04, 330016.9, 1.41, 0.11
13/02/2024 2:35:42 PM (UTC+1030), 6052670.15, 330017.33, 1.52, 0.11
13/02/2024 2:35:43 PM (UTC+1030), 6052671.21, 330017.99, 1.46, 0.11
13/02/2024 2:35:44 PM (UTC+1030), 6052672.24, 330018.65, 1.54, 0.11
13/02/2024 2:35:45 PM (UTC+1030), 6052673.37, 330019.21, 1.56, 0.11
13/02/2024 2:35:46 PM (UTC+1030), 6052674.55, 330019.66, 1.64, 0.11
13/02/2024 2:35:47 PM (UTC+1030), 6052675.69, 330020.07, 1.71, 0.11
13/02/2024 2:35:48 PM (UTC+1030), 6052676.79, 330020.58, 1.69, 0.11
13/02/2024 2:35:49 PM (UTC+1030), 6052677.89, 330021.13, 1.84, 0.11
13/02/2024 2:35:50 PM (UTC+1030), 6052679.05, 330021.68, 1.8, 0.11
13/02/2024 2:35:51 PM (UTC+1030), 6052680.15, 330022.14, 1.82, 0.11
13/02/2024 2:35:52 PM (UTC+1030), 6052681.26, 330022.59, 1.86, 0.11
13/02/2024 2:35:53 PM (UTC+1030), 6052682.35, 330023.15, 1.74, 0.11
13/02/2024 2:35:54 PM (UTC+1030), 6052683.48, 330023.77, 1.74, 0.11
13/02/2024 2:35:55 PM (UTC+1030), 6052684.61, 330024.35, 1.72, 0.11
13/02/2024 2:35:56 PM (UTC+1030), 6052685.79, 330024.89, 1.72, 0.11
13/02/2024 2:35:57 PM (UTC+1030), 6052686.96, 330025.38, 1.77, 0.11
13/02/2024 2:35:58 PM (UTC+1030), 6052688.14, 330025.83, 1.78, 0.12
13/02/2024 2:35:59 PM (UTC+1030), 6052689.34, 330026.32, 1.82, 0.12
13/02/2024 2:36:00 PM (UTC+1030), 6052690.58, 330026.69, 1.88, 0.12
13/02/2024 2:36:01 PM (UTC+1030), 6052691.77, 330027.2, 1.86, 0.12
13/02/2024 2:36:02 PM (UTC+1030), 6052692.9, 330027.66, 1.97, 0.12
13/02/2024 2:36:03 PM (UTC+1030), 6052693.98, 330028.14, 1.98, 0.12
13/02/2024 2:36:04 PM (UTC+1030), 6052695.15, 330028.68, 1.93, 0.12
13/02/2024 2:36:05 PM (UTC+1030), 6052696.31, 330029.12, 1.99, 0.12
13/02/2024 2:36:06 PM (UTC+1030), 6052697.45, 330029.59, 2.02, 0.12
13/02/2024 2:36:07 PM (UTC+1030), 6052698.51, 330030.02, 2.24, 0.12
13/02/2024 2:36:08 PM (UTC+1030), 6052699.58, 330030.52, 2.41, 0.12
13/02/2024 2:36:09 PM (UTC+1030), 6052700.64, 330030.96, 2.62, 0.12
13/02/2024 2:36:10 PM (UTC+1030), 6052701.64, 330031.4, 2.83, 0.12
13/02/2024 2:36:11 PM (UTC+1030), 6052702.69, 330031.83, 2.86, 0.12
13/02/2024 2:36:12 PM (UTC+1030), 6052703.74, 330032.3, 3.02, 0.12
13/02/2024 2:36:13 PM (UTC+1030), 6052704.77, 330032.77, 3.09, 0.12
13/02/2024 2:36:14 PM (UTC+1030), 6052705.78, 330033.16, 3.27, 0.12
13/02/2024 2:36:15 PM (UTC+1030), 6052706.77, 330033.63, 3.33, 0.12
13/02/2024 2:36:16 PM (UTC+1030), 6052707.72, 330034.04, 3.54, 0.12
13/02/2024 2:36:17 PM (UTC+1030), 6052708.68, 330034.43, 3.61, 0.12
13/02/2024 2:36:18 PM (UTC+1030), 6052709.61, 330034.73, 3.81, 0.12
13/02/2024 2:36:19 PM (UTC+1030), 6052710.63, 330035.11, 3.89, 0.12
13/02/2024 2:36:20 PM (UTC+1030), 6052711.7, 330035.54, 4.01, 0.12
13/02/2024 2:36:21 PM (UTC+1030), 6052712.79, 330036.01, 4.01, 0.12
13/02/2024 2:36:22 PM (UTC+1030), 6052713.82, 330036.34, 4.1, 0.12
13/02/2024 2:36:23 PM (UTC+1030), 6052714.92, 330036.64, 4.01, 0.12
13/02/2024 2:36:24 PM (UTC+1030), 6052716.03, 330036.71, 3.99, 0.12
13/02/2024 2:36:25 PM (UTC+1030), 6052717.06, 330036.71, 3.99, 0.12
13/02/2024 2:36:26 PM (UTC+1030), 6052718.18, 330036.89, 3.96, 0.12
13/02/2024 2:36:27 PM (UTC+1030), 6052719.22, 330037.22, 3.95, 0.12
13/02/2024 2:36:28 PM (UTC+1030), 6052720.24, 330037.69, 3.98, 0.12
13/02/2024 2:36:29 PM (UTC+1030), 6052721.25, 330038.18, 4.01, 0.12
13/02/2024 2:36:30 PM (UTC+1030), 6052722.39, 330038.56, 4, 0.12
13/02/2024 2:36:31 PM (UTC+1030), 6052723.53, 330038.96, 3.96, 0.12
13/02/2024 2:36:32 PM (UTC+1030), 6052724.67, 330039.38, 4.04, 0.12
13/02/2024 2:36:33 PM (UTC+1030), 6052725.78, 330039.76, 3.98, 0.12
13/02/2024 2:36:34 PM (UTC+1030), 6052726.84, 330040.15, 4.02, 0.12
13/02/2024 2:36:35 PM (UTC+1030), 6052727.92, 330040.63, 3.96, 0.12
13/02/2024 2:36:36 PM (UTC+1030), 6052728.89, 330041.3, 4.03, 0.12
13/02/2024 2:36:37 PM (UTC+1030), 6052729.76, 330042.06, 3.98, 0.12
13/02/2024 2:36:38 PM (UTC+1030), 6052730.65, 330042.7, 4.05, 0.12
13/02/2024 2:36:39 PM (UTC+1030), 6052731.75, 330043.12, 3.98, 0.12
13/02/2024 2:36:40 PM (UTC+1030), 6052732.82, 330043.49, 4.07, 0.12
13/02/2024 2:36:41 PM (UTC+1030), 6052733.85, 330044.07, 4, 0.12
13/02/2024 2:36:42 PM (UTC+1030), 6052734.73, 330044.9, 4, 0.12
13/02/2024 2:36:43 PM (UTC+1030), 6052735.71, 330045.44, 3.96, 0.12
13/02/2024 2:36:44 PM (UTC+1030), 6052736.55, 330046, 3.98, 0.12
13/02/2024 2:36:45 PM (UTC+1030), 6052737.2, 330046.96, 3.99, 0.12
13/02/2024 2:36:46 PM (UTC+1030), 6052737.76, 330048.1, 3.97, 0.12
13/02/2024 2:36:47 PM (UTC+1030), 6052738.32, 330049.22, 3.92, 0.12
13/02/2024 2:36:48 PM (UTC+1030), 6052738.93, 330050.22, 3.92, 0.12
13/02/2024 2:36:49 PM (UTC+1030), 6052739.72, 330051.02, 3.89, 0.12
13/02/2024 2:36:50 PM (UTC+1030), 6052740.75, 330051.62, 3.86, 0.12
13/02/2024 2:36:51 PM (UTC+1030), 6052741.84, 330052.05, 3.91, 0.12
13/02/2024 2:36:52 PM (UTC+1030), 6052742.98, 330052.38, 3.89, 0.12
13/02/2024 2:36:53 PM (UTC+1030), 6052744.07, 330052.65, 3.9, 0.12
13/02/2024 2:36:54 PM (UTC+1030), 6052745.23, 330052.93, 3.87, 0.12
13/02/2024 2:36:55 PM (UTC+1030), 6052746.38, 330053.1, 3.95, 0.12
13/02/2024 2:36:56 PM (UTC+1030), 6052747.56, 330053.16, 3.94, 0.12
13/02/2024 2:36:57 PM (UTC+1030), 6052748.7, 330053.14, 4.04, 0.12
13/02/2024 2:36:58 PM (UTC+1030), 6052749.8, 330053.17, 3.89, 0.12
13/02/2024 2:36:59 PM (UTC+1030), 6052750.92, 330053.32, 3.98, 0.12
13/02/2024 2:37:00 PM (UTC+1030), 6052751.98, 330053.64, 3.92, 0.12
13/02/2024 2:37:01 PM (UTC+1030), 6052752.96, 330054.03, 3.93, 0.12
13/02/2024 2:37:02 PM (UTC+1030), 6052753.94, 330054.47, 3.76, 0.12
13/02/2024 2:37:03 PM (UTC+1030), 6052754.98, 330054.95, 3.83, 0.12
13/02/2024 2:37:04 PM (UTC+1030), 6052755.97, 330055.36, 3.8, 0.12
13/02/2024 2:37:05 PM (UTC+1030), 6052756.72, 330055.76, 3.88, 0.12
13/02/2024 2:37:06 PM (UTC+1030), 6052757.06, 330056.49, 3.87, 0.12
13/02/2024 2:37:07 PM (UTC+1030), 6052756.79, 330057.6, 3.74, 0.12
13/02/2024 2:37:08 PM (UTC+1030), 6052756.42, 330058.65, 3.79, 0.12
13/02/2024 2:37:09 PM (UTC+1030), 6052755.85, 330059.61, 3.68, 0.12
13/02/2024 2:37:10 PM (UTC+1030), 6052755.23, 330060.42, 3.58, 0.12
13/02/2024 2:37:11 PM (UTC+1030), 6052754.79, 330061.28, 3.5, 0.12
13/02/2024 2:37:12 PM (UTC+1030), 6052754.6, 330061.9, 3.52, 0.12
13/02/2024 2:37:13 PM (UTC+1030), 6052754.45, 330062.41, 3.48, 0.12
13/02/2024 2:37:14 PM (UTC+1030), 6052754.17, 330063.25, 3.49, 0.12
13/02/2024 2:37:15 PM (UTC+1030), 6052753.91, 330064.35, 3.45, 0.12
13/02/2024 2:37:16 PM (UTC+1030), 6052753.62, 330065.39, 3.4, 0.12
13/02/2024 2:37:17 PM (UTC+1030), 6052753.35, 330066.6, 3.38, 0.12
13/02/2024 2:37:18 PM (UTC+1030), 6052753.05, 330067.86, 3.35, 0.12
13/02/2024 2:37:19 PM (UTC+1030), 6052752.63, 330069.14, 3.29, 0.12
13/02/2024 2:37:20 PM (UTC+1030), 6052752.17, 330070.42, 3.3, 0.12
13/02/2024 2:37:21 PM (UTC+1030), 6052751.75, 330071.7, 3.24, 0.12
13/02/2024 2:37:22 PM (UTC+1030), 6052751.07, 330072.88, 3.23, 0.12
13/02/2024 2:37:23 PM (UTC+1030), 6052750.36, 330073.98, 3.3, 0.12
13/02/2024 2:37:24 PM (UTC+1030), 6052749.85, 330075.27, 3.2, 0.13
13/02/2024 2:37:25 PM (UTC+1030), 6052749.28, 330076.56, 3.18, 0.13
13/02/2024 2:37:26 PM (UTC+1030), 6052748.68, 330077.85, 3.19, 0.12
13/02/2024 2:37:27 PM (UTC+1030), 6052748.07, 330079.09, 3.11, 0.13
13/02/2024 2:37:28 PM (UTC+1030), 6052747.39, 330080.31, 3.01, 0.13
13/02/2024 2:37:29 PM (UTC+1030), 6052746.65, 330081.49, 2.95, 0.13
13/02/2024 2:37:30 PM (UTC+1030), 6052745.82, 330082.67, 2.96, 0.13
13/02/2024 2:37:31 PM (UTC+1030), 6052744.94, 330083.77, 2.94, 0.13
13/02/2024 2:37:32 PM (UTC+1030), 6052744.04, 330084.79, 2.9, 0.13
13/02/2024 2:37:33 PM (UTC+1030), 6052743.19, 330085.83, 2.93, 0.13
13/02/2024 2:37:34 PM (UTC+1030), 6052742.39, 330086.95, 2.85, 0.13
13/02/2024 2:37:35 PM (UTC+1030), 6052741.57, 330088.03, 2.78, 0.13
13/02/2024 2:37:36 PM (UTC+1030), 6052740.68, 330089.07, 2.79, 0.13
13/02/2024 2:37:37 PM (UTC+1030), 6052739.78, 330090.23, 2.63, 0.13
13/02/2024 2:37:38 PM (UTC+1030), 6052738.96, 330091.41, 2.64, 0.13
13/02/2024 2:37:39 PM (UTC+1030), 6052738.31, 330092.6, 2.78, 0.13
13/02/2024 2:37:40 PM (UTC+1030), 6052737.7, 330093.72, 2.79, 0.13
13/02/2024 2:37:41 PM (UTC+1030), 6052737.06, 330094.7, 2.89, 0.13
13/02/2024 2:37:42 PM (UTC+1030), 6052736.5, 330095.67, 3.01, 0.13
13/02/2024 2:37:43 PM (UTC+1030), 6052735.88, 330096.71, 2.98, 0.13
13/02/2024 2:37:44 PM (UTC+1030), 6052735.18, 330097.81, 3, 0.13
13/02/2024 2:37:45 PM (UTC+1030), 6052734.61, 330098.95, 3.06, 0.13
13/02/2024 2:37:46 PM (UTC+1030), 6052734.17, 330100.09, 3.05, 0.13
13/02/2024 2:37:47 PM (UTC+1030), 6052733.42, 330101.03, 3.01, 0.13
13/02/2024 2:37:48 PM (UTC+1030), 6052732.66, 330102.01, 3.08, 0.13
13/02/2024 2:37:49 PM (UTC+1030), 6052732.03, 330103.07, 3.08, 0.13
13/02/2024 2:37:50 PM (UTC+1030), 6052731.43, 330104.15, 3, 0.13
13/02/2024 2:37:51 PM (UTC+1030), 6052730.92, 330105.16, 2.93, 0.13
13/02/2024 2:37:52 PM (UTC+1030), 6052730.58, 330106.42, 2.9, 0.13
13/02/2024 2:37:53 PM (UTC+1030), 6052730.26, 330107.71, 2.72, 0.13
13/02/2024 2:37:54 PM (UTC+1030), 6052730.11, 330109, 2.75, 0.13
13/02/2024 2:37:55 PM (UTC+1030), 6052729.86, 330110.27, 2.73, 0.13
13/02/2024 2:37:56 PM (UTC+1030), 6052729.48, 330111.53, 2.68, 0.13
13/02/2024 2:37:57 PM (UTC+1030), 6052729.05, 330112.72, 2.75, 0.13
13/02/2024 2:37:58 PM (UTC+1030), 6052728.54, 330113.83, 2.73, 0.13
13/02/2024 2:37:59 PM (UTC+1030), 6052728.18, 330115.07, 2.72, 0.13
13/02/2024 2:38:00 PM (UTC+1030), 6052728, 330116.28, 2.75, 0.13
13/02/2024 2:38:01 PM (UTC+1030), 6052727.83, 330117.54, 2.75, 0.13
13/02/2024 2:38:02 PM (UTC+1030), 6052727.69, 330118.79, 2.69, 0.13
13/02/2024 2:38:03 PM (UTC+1030), 6052727.51, 330120.11, 2.66, 0.13
13/02/2024 2:38:04 PM (UTC+1030), 6052727.31, 330121.28, 2.73, 0.13
13/02/2024 2:38:05 PM (UTC+1030), 6052727.11, 330122.49, 2.61, 0.13
13/02/2024 2:38:06 PM (UTC+1030), 6052726.69, 330123.6, 2.66, 0.13
13/02/2024 2:38:07 PM (UTC+1030), 6052726.13, 330124.65, 2.55, 0.13
13/02/2024 2:38:08 PM (UTC+1030), 6052725.8, 330125.79, 2.57, 0.13
13/02/2024 2:38:09 PM (UTC+1030), 6052725.54, 330126.97, 2.5, 0.13
13/02/2024 2:38:10 PM (UTC+1030), 6052725.19, 330128.08, 2.52, 0.13
13/02/2024 2:38:11 PM (UTC+1030), 6052724.65, 330129.28, 2.44, 0.13
13/02/2024 2:38:12 PM (UTC+1030), 6052724.04, 330130.42, 2.41, 0.13
13/02/2024 2:38:13 PM (UTC+1030), 6052723.34, 330131.51, 2.39, 0.13
13/02/2024 2:38:14 PM (UTC+1030), 6052722.89, 330132.79, 2.34, 0.13
13/02/2024 2:38:15 PM (UTC+1030), 6052722.68, 330134.04, 2.36, 0.13
13/02/2024 2:38:16 PM (UTC+1030), 6052722.42, 330135.22, 2.4, 0.13
13/02/2024 2:38:17 PM (UTC+1030), 6052721.92, 330136.38, 2.34, 0.13
13/02/2024 2:38:18 PM (UTC+1030), 6052721.29, 330137.42, 2.45, 0.13
13/02/2024 2:38:19 PM (UTC+1030), 6052720.79, 330138.49, 2.47, 0.13
13/02/2024 2:38:20 PM (UTC+1030), 6052720.8, 330139.7, 2.54, 0.13
13/02/2024 2:38:21 PM (UTC+1030), 6052720.58, 330140.9, 2.59, 0.13
13/02/2024 2:38:22 PM (UTC+1030), 6052720, 330142.05, 2.54, 0.13
13/02/2024 2:38:23 PM (UTC+1030), 6052719.39, 330143.12, 2.67, 0.13
13/02/2024 2:38:24 PM (UTC+1030), 6052718.96, 330144.21, 2.68, 0.13
13/02/2024 2:38:25 PM (UTC+1030), 6052718.74, 330145.3, 2.69, 0.13
13/02/2024 2:38:26 PM (UTC+1030), 6052718.38, 330146.43, 2.71, 0.13
13/02/2024 2:38:27 PM (UTC+1030), 6052717.89, 330147.63, 2.57, 0.13
13/02/2024 2:38:28 PM (UTC+1030), 6052717.32, 330148.89, 2.55, 0.13
13/02/2024 2:38:29 PM (UTC+1030), 6052716.78, 330149.99, 2.63, 0.13
13/02/2024 2:38:30 PM (UTC+1030), 6052716.36, 330150.89, 2.6, 0.13
13/02/2024 2:38:31 PM (UTC+1030), 6052716.07, 330152.03, 2.57, 0.13
13/02/2024 2:38:32 PM (UTC+1030), 6052715.69, 330153.05, 2.63, 0.13
13/02/2024 2:38:33 PM (UTC+1030), 6052715.34, 330154.07, 2.59, 0.13
13/02/2024 2:38:34 PM (UTC+1030), 6052714.83, 330155.15, 2.61, 0.13
13/02/2024 2:38:35 PM (UTC+1030), 6052714.39, 330156.3, 2.49, 0.13
13/02/2024 2:38:36 PM (UTC+1030), 6052713.87, 330157.38, 2.46, 0.13
13/02/2024 2:38:37 PM (UTC+1030), 6052713.21, 330158.39, 2.53, 0.13
13/02/2024 2:38:38 PM (UTC+1030), 6052712.63, 330159.38, 2.48, 0.13
13/02/2024 2:38:39 PM (UTC+1030), 6052712.05, 330160.48, 2.45, 0.13
13/02/2024 2:38:40 PM (UTC+1030), 6052711.54, 330161.63, 2.32, 0.13
13/02/2024 2:38:41 PM (UTC+1030), 6052711.07, 330162.78, 2.23, 0.13
13/02/2024 2:38:42 PM (UTC+1030), 6052710.61, 330163.83, 2.2, 0.13
13/02/2024 2:38:43 PM (UTC+1030), 6052710.08, 330164.94, 2.08, 0.13
13/02/2024 2:38:44 PM (UTC+1030), 6052709.58, 330166.09, 2.05, 0.13
13/02/2024 2:38:45 PM (UTC+1030), 6052709.08, 330167.23, 2.03, 0.13
13/02/2024 2:38:46 PM (UTC+1030), 6052708.54, 330168.34, 1.86, 0.13
13/02/2024 2:38:47 PM (UTC+1030), 6052708.13, 330169.48, 1.82, 0.13
13/02/2024 2:38:48 PM (UTC+1030), 6052707.73, 330170.55, 1.82, 0.13
13/02/2024 2:38:49 PM (UTC+1030), 6052707.33, 330171.47, 1.75, 0.13
13/02/2024 2:38:50 PM (UTC+1030), 6052706.82, 330172.31, 1.78, 0.13
13/02/2024 2:38:51 PM (UTC+1030), 6052706.42, 330173.15, 1.69, 0.13
13/02/2024 2:38:52 PM (UTC+1030), 6052705.94, 330173.87, 1.67, 0.13
13/02/2024 2:38:53 PM (UTC+1030), 6052705.62, 330174.53, 1.62, 0.13
13/02/2024 2:38:54 PM (UTC+1030), 6052705.5, 330175.21, 1.66, 0.13
13/02/2024 2:38:55 PM (UTC+1030), 6052705.62, 330175.75, 1.7, 0.13
13/02/2024 2:38:56 PM (UTC+1030), 6052705.65, 330176.31, 1.7, 0.13
13/02/2024 2:38:57 PM (UTC+1030), 6052705.87, 330176.91, 1.67, 0.13
13/02/2024 2:38:58 PM (UTC+1030), 6052706.04, 330177.12, 1.68, 0.13
13/02/2024 2:39:39 PM (UTC+1030), 6052706.14, 330177.44, 1.69, 0.14
13/02/2024 2:39:42 PM (UTC+1030), 6052705.7, 330176.91, 1.66, 0.14
13/02/2024 2:39:43 PM (UTC+1030), 6052705.41, 330176.53, 1.74, 0.14
13/02/2024 2:39:45 PM (UTC+1030), 6052705.71, 330176.64, 1.67, 0.14
13/02/2024 2:39:51 PM (UTC+1030), 6052705.61, 330176.4, 1.75, 0.14
13/02/2024 2:39:53 PM (UTC+1030), 6052705.57, 330176.66, 1.72, 0.14
13/02/2024 2:39:54 PM (UTC+1030), 6052705.89, 330176.99, 1.64, 0.14
13/02/2024 2:39:55 PM (UTC+1030), 6052706.15, 330176.91, 1.37, 0.14
13/02/2024 2:39:56 PM (UTC+1030), 6052705.99, 330177.21, 1.6, 0.14
13/02/2024 2:39:57 PM (UTC+1030), 6052705.81, 330177.49, 1.52, 0.14
13/02/2024 2:39:59 PM (UTC+1030), 6052706.26, 330177.75, 1.38, 0.14
13/02/2024 2:40:56 PM (UTC+1030), 6052706.51, 330177.77, 0.77, 0.15
13/02/2024 2:41:01 PM (UTC+1030), 6052706.36, 330177.97, 0.75, 0.15
13/02/2024 2:41:20 PM (UTC+1030), 6052706.1, 330178.22, 0.66, 0.15
13/02/2024 2:41:51 PM (UTC+1030), 6052706.38, 330177.84, 0.82, 0.16
13/02/2024 2:42:04 PM (UTC+1030), 6052706.35, 330177.51, 0.89, 0.18  